log_id,user_id,video_id,watch_seconds,finish_rate,liked,commented,shared,watch_time
1,1,52,107,0.337,0,0,0,2026-04-11T21:52:16
2,1,74,97,0.467,0,0,0,2026-02-02T13:23:48
3,1,80,126,0.244,0,0,0,2026-02-26T03:11:27
4,1,74,108,0.289,0,0,0,2026-01-30T05:53:32
5,1,43,41,0.893,1,1,0,2026-02-26T10:55:12
6,1,22,111,0.865,1,0,0,2026-04-14T14:45:10
7,1,50,15,0.436,0,0,0,2026-03-10T10:38:25
8,1,69,54,0.604,1,0,0,2026-02-19T04:25:22
9,1,82,71,0.771,1,0,0,2026-04-16T06:48:36
10,1,85,17,0.374,0,0,0,2026-03-07T06:03:23
11,1,59,158,0.394,0,0,0,2026-03-01T21:11:50
12,1,70,38,0.555,0,0,0,2026-01-29T12:44:42
13,1,70,8,0.67,0,0,0,2026-03-31T05:37:13
14,1,44,38,0.94,1,0,0,2026-02-14T12:58:49
15,1,50,166,0.714,0,1,0,2026-04-26T21:24:33
16,1,35,110,0.161,0,0,0,2026-02-07T04:45:45
17,1,31,70,0.373,0,0,0,2026-03-12T11:39:19
18,1,95,39,0.692,0,0,0,2026-03-17T02:24:35
19,1,94,178,0.749,0,0,1,2026-04-26T18:12:29
20,1,71,97,0.105,0,0,0,2026-02-27T12:39:08
21,1,22,148,0.417,0,0,0,2026-01-29T06:21:02
22,1,87,163,0.516,0,0,1,2026-03-04T00:56:31
23,1,59,134,0.7,1,0,0,2026-03-15T16:13:16
24,1,85,66,0.68,0,0,0,2026-01-31T23:33:23
25,1,85,35,0.473,1,0,0,2026-04-24T18:16:42
26,1,52,165,0.715,0,0,0,2026-01-29T02:20:19
27,1,29,145,0.783,0,0,0,2026-02-22T07:53:38
28,1,49,102,0.698,1,1,0,2026-04-22T22:05:04
29,1,59,84,0.365,0,0,0,2026-03-05T21:10:09
30,1,43,162,0.685,1,0,0,2026-03-26T06:04:31
31,1,15,151,0.482,0,0,0,2026-03-28T20:12:18
32,1,49,177,0.452,1,0,0,2026-02-18T11:21:38
33,1,63,48,0.429,0,0,0,2026-02-19T05:15:21
34,1,86,98,0.103,0,0,0,2026-03-19T08:29:45
35,1,9,132,0.865,0,0,0,2026-04-01T01:37:54
36,1,2,62,0.571,0,0,0,2026-02-16T22:05:59
37,1,88,36,0.803,1,1,0,2026-02-25T07:55:01
38,1,25,116,0.711,1,0,0,2026-02-22T01:47:30
39,1,88,76,0.913,0,0,1,2026-02-15T02:15:28
40,1,42,84,0.896,0,0,0,2026-03-24T11:25:15
41,1,42,12,0.906,0,1,0,2026-03-16T02:32:18
42,1,83,88,0.578,0,0,1,2026-04-08T03:57:40
43,1,49,90,0.547,0,0,1,2026-04-19T18:05:01
44,1,52,71,0.872,0,0,0,2026-02-05T06:05:40
45,1,15,142,0.392,1,0,0,2026-02-21T10:18:25
46,1,8,164,0.226,0,0,0,2026-04-03T07:13:16
47,2,21,119,0.482,0,0,0,2026-03-30T18:20:53
48,2,34,24,0.925,0,0,0,2026-04-03T07:52:35
49,2,72,178,0.699,0,0,0,2026-02-08T22:57:52
50,2,81,52,0.812,0,0,0,2026-02-09T19:38:18
51,2,98,80,0.741,0,0,0,2026-03-26T06:01:53
52,2,84,124,0.522,0,0,0,2026-03-10T01:17:12
53,2,73,15,0.772,1,1,0,2026-02-05T12:12:04
54,2,95,132,0.372,0,0,0,2026-03-11T00:21:20
55,2,25,60,0.874,1,0,0,2026-04-08T15:01:06
56,2,10,40,0.697,1,0,0,2026-02-21T23:00:15
57,2,97,166,0.384,0,0,0,2026-02-04T14:21:37
58,2,15,15,0.268,0,0,1,2026-04-21T00:34:08
59,2,2,54,0.641,1,0,0,2026-03-30T09:07:28
60,2,89,26,0.414,0,0,0,2026-04-16T12:30:33
61,2,17,116,0.253,0,0,0,2026-04-21T08:17:06
62,2,68,52,0.417,0,0,0,2026-02-02T18:55:58
63,2,81,64,0.755,1,0,0,2026-02-19T04:21:54
64,2,80,7,0.591,0,0,0,2026-04-11T20:35:07
65,2,31,168,0.252,0,0,0,2026-04-19T01:11:18
66,2,22,139,0.939,1,1,0,2026-02-04T02:33:30
67,2,97,99,0.708,1,0,0,2026-04-02T13:05:00
68,2,55,148,0.582,1,0,0,2026-03-11T21:24:36
69,2,21,151,0.485,0,0,0,2026-04-03T00:29:49
70,2,29,15,0.55,0,1,0,2026-01-29T08:15:25
71,2,58,7,0.156,0,0,0,2026-04-22T02:49:18
72,2,22,149,0.672,1,0,0,2026-03-26T11:38:12
73,2,34,109,0.177,0,0,0,2026-04-22T10:53:26
74,2,11,158,0.43,0,0,0,2026-04-16T01:58:20
75,2,69,23,0.897,0,1,0,2026-02-14T22:36:33
76,2,92,118,0.725,1,0,1,2026-03-12T02:52:38
77,2,24,14,0.722,0,0,0,2026-04-05T19:49:23
78,2,15,122,0.712,1,0,0,2026-03-17T10:09:02
79,2,90,144,0.486,0,0,0,2026-03-19T19:27:03
80,2,15,115,0.501,0,0,0,2026-04-02T13:15:07
81,2,31,12,0.551,0,0,0,2026-02-25T02:01:55
82,2,52,19,0.318,0,0,0,2026-03-18T23:58:57
83,2,8,27,0.734,1,0,0,2026-02-08T14:26:23
84,2,34,58,0.679,0,0,0,2026-01-29T10:53:50
85,2,97,117,0.919,1,0,0,2026-03-10T03:26:05
86,2,84,84,0.669,0,0,0,2026-02-15T17:59:07
87,2,53,64,0.519,0,0,0,2026-04-22T03:23:14
88,2,80,76,0.373,0,0,0,2026-03-09T16:31:42
89,2,99,27,0.851,0,0,0,2026-03-07T10:13:19
90,2,58,136,0.295,0,0,0,2026-04-08T08:46:43
91,2,17,158,0.561,0,0,0,2026-04-11T13:58:04
92,2,94,123,0.504,0,0,0,2026-04-11T05:23:06
93,2,81,4,0.728,0,0,0,2026-02-21T08:16:02
94,2,81,74,0.324,1,0,0,2026-03-10T00:53:30
95,2,7,119,0.759,0,0,0,2026-04-05T22:20:51
96,2,80,109,0.172,0,0,0,2026-03-01T09:35:55
97,2,75,41,0.225,0,0,0,2026-04-24T22:40:52
98,2,22,175,0.82,0,0,0,2026-03-07T06:22:20
99,2,91,29,0.236,1,0,0,2026-04-13T15:39:16
100,2,32,79,0.655,0,1,0,2026-03-23T18:50:25
101,2,91,115,0.51,0,0,0,2026-02-21T16:55:05
102,2,87,19,0.521,0,0,0,2026-04-14T03:03:59
103,2,52,12,0.586,0,0,0,2026-02-18T03:12:08
104,2,43,6,0.925,0,0,0,2026-04-25T19:55:46
105,2,99,26,0.57,0,0,0,2026-02-01T13:08:43
106,2,38,58,0.274,1,0,0,2026-02-15T01:03:14
107,2,21,20,0.624,1,0,1,2026-02-06T00:26:27
108,2,97,179,0.905,0,0,0,2026-02-25T16:33:56
109,2,38,172,0.786,1,0,0,2026-04-25T10:05:59
110,2,73,65,0.651,0,0,0,2026-01-27T17:42:13
111,2,56,39,0.406,0,1,0,2026-03-03T18:14:41
112,2,95,42,0.33,0,0,0,2026-01-31T17:19:18
113,2,75,107,0.662,0,0,0,2026-04-11T20:55:22
114,2,15,13,0.419,0,0,0,2026-03-15T13:16:49
115,2,73,86,0.487,0,0,0,2026-02-20T07:00:15
116,3,11,67,0.515,0,0,0,2026-03-29T09:15:37
117,3,28,21,0.54,0,0,0,2026-04-24T00:07:28
118,3,32,62,0.757,1,0,0,2026-03-01T13:42:43
119,3,39,81,0.109,0,0,0,2026-04-25T13:40:04
120,3,18,175,0.28,0,0,0,2026-04-10T18:42:10
121,3,91,5,0.185,0,0,0,2026-03-17T20:15:20
122,3,55,106,0.146,0,0,0,2026-04-04T22:44:28
123,3,77,154,0.511,0,0,0,2026-01-30T13:12:18
124,3,87,79,0.634,0,1,0,2026-04-03T20:47:06
125,3,39,75,0.674,1,0,0,2026-04-22T15:43:26
126,3,39,172,0.213,0,0,0,2026-02-22T22:49:21
127,3,95,101,0.562,0,0,0,2026-02-08T11:09:10
128,3,27,120,0.147,0,0,0,2026-03-29T23:58:21
129,3,8,36,0.257,0,0,0,2026-03-02T15:05:22
130,3,77,59,0.332,0,0,0,2026-03-07T17:28:04
131,3,49,161,0.697,0,0,0,2026-03-16T06:26:39
132,3,14,23,0.756,0,0,1,2026-02-18T18:47:43
133,3,32,116,0.622,0,0,0,2026-03-06T08:23:26
134,3,44,144,0.301,0,0,0,2026-01-27T22:06:37
135,3,44,153,0.789,1,1,0,2026-04-14T07:11:46
136,3,27,17,0.195,0,0,0,2026-02-05T07:58:15
137,3,53,115,0.822,0,0,0,2026-03-03T20:03:42
138,3,54,32,0.141,0,0,0,2026-03-13T18:46:55
139,3,39,128,0.705,0,0,0,2026-04-25T03:05:44
140,3,71,126,0.495,0,0,0,2026-04-10T20:33:23
141,3,2,141,0.411,0,0,0,2026-01-31T05:45:29
142,3,71,9,0.517,0,0,1,2026-03-14T16:24:54
143,3,84,16,0.415,0,0,0,2026-01-29T18:14:26
144,3,14,92,0.087,0,0,0,2026-03-22T21:36:14
145,3,67,103,0.564,0,0,0,2026-03-18T08:51:28
146,3,77,11,0.739,0,0,0,2026-02-06T05:56:36
147,3,27,63,0.895,1,1,0,2026-04-15T15:18:16
148,3,44,102,0.783,0,0,0,2026-04-07T20:44:22
149,3,64,21,0.449,0,0,1,2026-04-26T20:01:47
150,3,14,68,0.633,0,0,0,2026-03-31T04:39:11
151,3,54,87,0.489,0,0,0,2026-02-09T14:06:08
152,3,28,134,0.664,0,0,0,2026-03-29T01:58:37
153,3,60,28,0.5,1,0,0,2026-02-01T23:28:20
154,3,28,67,0.262,0,0,0,2026-02-25T18:46:52
155,3,39,179,0.77,0,0,0,2026-04-15T13:21:28
156,4,80,160,0.343,0,0,0,2026-03-04T06:41:23
157,4,61,140,0.084,0,0,0,2026-04-28T11:55:44
158,4,76,168,0.876,0,0,0,2026-03-31T18:01:18
159,4,30,85,0.845,1,1,0,2026-02-14T04:49:34
160,4,30,175,0.884,0,0,0,2026-04-07T02:18:48
161,4,2,161,0.613,0,0,0,2026-03-15T06:41:31
162,4,57,46,0.936,0,0,0,2026-02-01T18:27:40
163,4,50,141,0.621,0,0,0,2026-03-04T13:06:32
164,4,91,165,0.492,0,0,0,2026-03-28T21:27:22
165,4,56,24,0.522,1,0,0,2026-03-04T05:14:34
166,4,23,144,0.901,1,0,1,2026-03-11T04:14:37
167,4,57,138,0.161,0,1,0,2026-01-31T13:38:53
168,4,34,43,0.25,0,0,0,2026-03-16T16:38:37
169,4,62,73,0.351,0,0,0,2026-02-18T17:19:47
170,4,64,70,0.834,1,0,0,2026-04-24T09:34:22
171,4,100,74,0.567,0,0,0,2026-02-13T03:11:29
172,4,9,113,0.457,0,0,0,2026-02-25T07:33:26
173,4,12,148,0.16,0,0,0,2026-03-11T12:53:15
174,4,76,91,0.674,0,0,0,2026-04-07T01:40:23
175,4,1,57,0.971,1,0,0,2026-04-12T11:35:43
176,4,23,58,0.129,0,0,0,2026-02-10T11:29:22
177,4,20,143,0.332,0,0,0,2026-02-14T03:15:31
178,4,92,153,0.714,1,0,0,2026-03-12T06:52:10
179,4,35,97,0.915,0,0,0,2026-02-27T19:57:31
180,4,79,75,0.727,1,0,0,2026-03-04T22:07:11
181,4,18,162,0.847,1,1,0,2026-03-18T01:05:12
182,4,10,143,0.684,0,1,0,2026-02-02T00:56:38
183,4,79,83,0.522,1,0,0,2026-01-29T08:52:44
184,4,80,126,0.903,0,1,0,2026-02-26T08:10:38
185,4,72,159,0.64,0,0,0,2026-04-01T05:13:04
186,4,1,141,0.599,1,0,0,2026-04-22T15:22:45
187,4,72,96,0.315,1,0,0,2026-02-07T14:14:25
188,4,30,57,0.499,0,1,1,2026-04-04T18:51:33
189,4,62,166,0.413,0,0,1,2026-03-07T03:03:02
190,4,18,135,0.538,0,0,1,2026-04-08T22:35:05
191,4,64,36,0.181,0,0,0,2026-03-17T08:12:45
192,4,24,104,0.448,0,0,0,2026-03-12T23:58:35
193,4,63,160,0.64,0,0,0,2026-02-08T06:09:07
194,4,64,24,0.354,0,0,0,2026-04-04T19:14:31
195,4,49,97,0.358,0,0,0,2026-02-04T12:07:56
196,4,91,80,0.574,0,0,0,2026-03-23T15:48:14
197,4,62,49,0.334,0,0,0,2026-03-27T23:53:50
198,4,65,178,0.762,0,0,0,2026-04-19T19:33:56
199,4,29,137,0.766,0,0,0,2026-03-29T14:06:21
200,4,20,38,0.261,1,0,0,2026-02-11T12:45:50
201,4,18,101,0.523,0,0,0,2026-01-30T18:20:08
202,4,45,78,0.72,1,0,0,2026-02-13T15:48:40
203,5,14,109,0.147,0,0,0,2026-03-09T01:25:59
204,5,32,174,0.723,0,0,0,2026-04-01T01:17:07
205,5,56,43,0.824,1,0,0,2026-02-17T14:51:12
206,5,37,151,0.345,0,0,0,2026-03-25T07:38:24
207,5,100,116,0.469,1,0,0,2026-01-30T16:23:35
208,5,87,104,0.146,0,0,0,2026-02-09T14:56:03
209,5,50,113,0.732,1,0,0,2026-02-17T12:38:06
210,5,31,81,0.467,0,1,0,2026-02-07T08:04:06
211,5,40,45,0.562,0,0,0,2026-02-17T17:41:17
212,5,67,150,0.677,0,0,0,2026-04-01T02:43:51
213,5,82,118,0.452,0,0,0,2026-03-05T09:21:55
214,5,22,28,0.46,0,0,0,2026-04-08T03:31:48
215,5,40,116,0.555,0,0,0,2026-02-27T08:27:10
216,5,1,37,0.27,0,0,0,2026-04-17T22:48:18
217,5,55,74,0.456,0,0,0,2026-04-24T05:41:03
218,5,31,148,0.777,0,0,0,2026-02-10T17:23:07
219,5,81,173,0.951,1,1,0,2026-02-17T06:17:40
220,5,53,43,0.728,0,0,0,2026-03-16T21:21:47
221,5,34,174,0.362,0,0,0,2026-04-25T03:36:02
222,5,51,9,0.827,0,1,0,2026-04-15T07:04:03
223,5,67,167,0.798,0,0,0,2026-03-27T19:41:24
224,5,57,23,0.791,1,0,0,2026-02-18T09:21:34
225,5,27,166,0.271,0,1,0,2026-02-25T18:19:57
226,5,37,38,0.29,0,0,0,2026-03-12T23:06:50
227,5,53,171,0.544,0,0,0,2026-03-12T13:06:55
228,5,87,4,0.844,0,0,0,2026-03-10T08:01:01
229,5,19,32,0.829,0,0,0,2026-01-29T19:32:29
230,5,49,99,0.4,0,0,0,2026-04-23T20:51:02
231,5,75,98,0.253,0,1,0,2026-03-10T05:03:50
232,5,67,134,0.447,0,0,0,2026-04-04T04:08:06
233,5,56,149,0.678,0,0,0,2026-04-10T04:48:45
234,5,71,179,0.405,0,0,0,2026-02-03T20:53:02
235,5,62,38,0.706,0,0,0,2026-04-08T04:33:27
236,5,22,159,0.727,0,0,0,2026-04-18T22:12:52
237,5,95,47,0.613,0,0,0,2026-04-19T02:40:06
238,5,51,162,0.418,0,0,0,2026-02-26T05:39:56
239,5,41,129,0.516,1,0,0,2026-02-27T09:24:39
240,5,87,107,0.789,1,0,1,2026-02-03T22:58:48
241,5,85,85,0.686,1,0,0,2026-03-18T09:50:13
242,5,100,88,0.868,0,0,0,2026-03-04T12:07:52
243,5,55,175,0.402,0,0,0,2026-02-12T10:42:01
244,5,50,129,0.466,1,0,0,2026-03-19T13:22:54
245,5,5,91,0.201,0,0,0,2026-04-01T19:17:15
246,5,51,60,0.72,0,1,0,2026-03-09T20:35:09
247,5,16,23,0.434,0,0,0,2026-02-05T10:35:17
248,5,56,58,0.301,0,1,0,2026-04-14T11:15:12
249,5,77,168,0.687,0,0,0,2026-03-03T01:41:19
250,5,41,39,0.643,1,0,0,2026-04-06T14:38:51
251,5,33,176,0.164,0,1,0,2026-02-22T22:39:29
252,5,63,53,0.434,0,0,0,2026-02-15T23:30:30
253,5,40,65,0.387,0,0,0,2026-02-14T20:57:37
254,5,35,15,0.498,0,0,0,2026-04-15T13:58:49
255,5,67,45,0.102,0,0,0,2026-03-13T09:06:51
256,5,40,80,0.711,0,0,0,2026-04-19T06:10:28
257,5,44,94,0.899,0,0,0,2026-02-17T19:10:24
258,6,31,4,0.62,1,0,1,2026-03-01T05:06:20
259,6,21,85,0.643,1,0,0,2026-03-22T20:12:19
260,6,90,81,0.291,0,0,0,2026-03-26T11:19:53
261,6,29,10,0.677,0,0,0,2026-02-04T22:59:16
262,6,75,23,0.576,1,0,0,2026-03-19T21:57:48
263,6,57,107,0.247,0,0,0,2026-04-18T01:16:29
264,6,73,101,0.273,1,0,0,2026-02-25T16:23:28
265,6,75,30,0.353,0,0,0,2026-02-07T03:44:51
266,6,16,74,0.713,1,0,0,2026-03-19T06:59:33
267,6,69,102,0.367,1,0,0,2026-02-21T01:42:44
268,6,43,84,0.706,1,0,1,2026-02-19T15:32:55
269,6,69,107,0.852,1,0,0,2026-02-25T11:44:48
270,6,80,173,0.343,0,0,0,2026-03-07T09:32:39
271,6,41,56,0.455,0,0,0,2026-02-18T15:57:31
272,7,54,97,0.672,1,0,0,2026-03-11T06:16:24
273,7,44,95,0.964,0,0,0,2026-02-28T03:52:20
274,7,39,94,0.379,0,0,0,2026-04-05T01:46:31
275,7,85,71,0.776,0,0,0,2026-02-15T19:29:58
276,7,9,26,0.439,0,0,0,2026-02-22T02:26:17
277,7,49,15,0.452,1,0,0,2026-02-26T05:20:15
278,7,49,161,0.524,0,0,0,2026-02-16T09:26:52
279,7,8,157,0.278,0,0,0,2026-03-04T23:16:29
280,7,100,80,0.639,0,0,0,2026-04-27T02:16:12
281,7,27,132,0.539,0,0,0,2026-03-12T09:45:46
282,7,18,105,0.577,0,0,0,2026-02-12T02:34:56
283,7,49,113,0.237,0,0,0,2026-03-29T17:59:38
284,7,77,67,0.584,0,0,0,2026-03-15T00:57:04
285,7,98,65,0.667,0,0,0,2026-02-14T02:18:43
286,7,39,50,0.249,0,0,0,2026-02-22T09:48:59
287,7,23,149,0.824,0,0,0,2026-04-01T06:05:02
288,7,30,108,0.416,0,0,0,2026-03-19T13:06:39
289,7,9,54,0.511,1,0,0,2026-03-03T21:27:06
290,7,98,176,0.894,0,0,0,2026-03-19T08:23:59
291,7,70,167,0.434,0,1,0,2026-03-07T23:54:40
292,7,28,141,0.122,0,0,0,2026-03-02T00:37:34
293,7,30,177,0.224,1,0,0,2026-04-09T15:47:58
294,7,30,26,0.431,0,0,0,2026-04-11T01:22:46
295,7,70,93,0.836,0,0,0,2026-02-24T02:07:59
296,7,18,132,0.305,0,0,0,2026-04-09T08:20:00
297,7,49,79,0.57,0,0,0,2026-03-19T23:41:40
298,7,18,25,0.218,0,0,0,2026-04-05T12:36:23
299,7,35,139,0.733,0,0,0,2026-03-03T13:49:08
300,7,14,154,0.471,0,0,0,2026-03-27T17:49:57
301,7,30,159,0.256,0,0,0,2026-04-26T22:23:24
302,7,25,30,0.638,1,0,0,2026-02-24T05:30:34
303,7,23,89,0.214,1,0,0,2026-02-20T06:32:53
304,7,9,169,0.666,0,0,0,2026-04-06T12:51:00
305,7,70,26,0.629,0,0,0,2026-02-12T00:49:13
306,7,14,64,0.537,1,0,0,2026-01-30T19:23:55
307,7,82,59,0.537,0,0,0,2026-03-26T14:33:05
308,7,74,126,0.961,0,0,0,2026-01-31T19:46:55
309,7,77,46,0.396,1,0,0,2026-03-18T17:35:41
310,7,88,44,0.164,1,0,0,2026-03-09T10:57:30
311,7,60,164,0.929,1,0,0,2026-04-18T00:26:15
312,7,54,15,0.56,0,0,0,2026-04-07T16:11:32
313,7,42,101,0.531,1,0,1,2026-04-10T12:34:34
314,7,27,98,0.549,1,0,0,2026-04-24T20:09:07
315,7,2,17,0.792,0,0,0,2026-02-21T20:21:54
316,7,74,23,0.674,0,0,0,2026-04-23T07:13:40
317,7,56,127,0.776,0,0,0,2026-01-30T14:40:05
318,7,35,18,0.427,0,0,0,2026-02-09T23:16:06
319,7,30,142,0.763,0,1,1,2026-02-22T16:12:42
320,7,77,168,0.895,0,1,0,2026-02-01T14:03:31
321,7,9,148,0.939,0,0,0,2026-03-14T21:26:10
322,7,49,82,0.561,1,0,0,2026-02-08T10:44:33
323,7,74,139,0.555,0,0,0,2026-04-18T17:02:51
324,7,23,85,0.318,0,0,0,2026-03-04T07:05:29
325,7,55,89,0.53,1,0,0,2026-03-28T23:00:24
326,7,77,149,0.633,0,0,0,2026-04-12T09:25:59
327,7,14,115,0.452,0,0,0,2026-03-10T03:31:08
328,7,23,138,0.362,0,0,0,2026-03-28T10:49:46
329,7,60,99,0.386,0,0,0,2026-03-30T10:27:05
330,7,30,65,0.375,0,0,0,2026-02-27T05:54:06
331,7,21,142,0.727,0,0,0,2026-02-25T14:38:12
332,7,66,176,0.228,0,0,0,2026-04-02T10:27:04
333,7,98,8,0.401,0,0,0,2026-02-11T08:33:41
334,7,9,79,0.802,1,0,0,2026-02-08T22:00:35
335,7,28,164,0.52,0,0,0,2026-03-06T13:02:04
336,7,39,83,0.777,0,0,0,2026-04-26T01:44:19
337,7,60,145,0.626,1,0,0,2026-02-16T03:54:03
338,7,70,79,0.618,1,0,0,2026-02-20T08:24:16
339,7,11,159,0.322,0,0,0,2026-02-06T10:17:24
340,7,70,16,0.471,1,0,0,2026-01-30T22:39:07
341,7,23,26,0.314,0,0,0,2026-01-29T03:13:54
342,7,4,14,0.374,0,0,0,2026-04-27T01:38:47
343,7,99,105,0.425,1,0,0,2026-03-24T15:50:02
344,7,60,76,0.47,0,0,0,2026-02-10T08:20:15
345,7,67,98,0.765,0,0,0,2026-02-09T07:59:53
346,7,70,24,0.355,1,0,0,2026-03-28T06:34:59
347,7,18,127,0.641,0,0,1,2026-04-06T20:38:43
348,7,70,63,0.393,1,1,0,2026-04-05T15:12:27
349,7,83,105,0.731,1,0,0,2026-03-07T22:46:18
350,7,9,165,0.477,0,0,0,2026-04-19T16:38:29
351,7,77,40,0.66,0,0,0,2026-04-20T18:17:35
352,7,70,51,0.893,1,0,0,2026-03-04T14:29:38
353,7,63,111,0.847,0,0,0,2026-04-16T08:47:15
354,7,2,51,0.106,0,0,0,2026-02-01T02:42:29
355,7,14,44,0.328,0,0,0,2026-03-15T09:08:59
356,7,39,40,0.976,0,0,0,2026-04-04T10:59:11
357,7,83,111,0.67,1,0,0,2026-03-25T09:20:05
358,7,74,69,0.833,0,0,0,2026-02-28T07:56:23
359,7,9,78,0.695,0,0,0,2026-01-29T09:37:59
360,7,89,36,0.597,0,0,0,2026-03-16T12:33:05
361,7,88,46,0.72,0,0,0,2026-02-04T19:18:21
362,7,18,64,0.571,0,0,0,2026-03-18T01:09:51
363,7,69,130,0.464,0,0,0,2026-04-20T16:36:20
364,7,18,159,0.312,0,0,0,2026-02-09T08:54:24
365,7,18,137,0.426,0,0,0,2026-01-30T01:59:40
366,7,35,112,0.561,0,0,0,2026-02-23T08:33:43
367,7,60,59,0.594,0,0,0,2026-02-17T04:47:06
368,7,60,77,0.866,1,0,0,2026-04-12T23:17:03
369,7,65,35,0.243,0,0,0,2026-04-12T18:15:00
370,7,49,129,0.454,0,0,0,2026-02-23T00:21:35
371,7,25,173,0.407,1,0,0,2026-04-10T11:22:01
372,7,28,67,0.538,0,0,0,2026-03-30T00:59:06
373,7,39,10,0.652,0,1,1,2026-01-30T19:19:02
374,7,85,145,0.308,0,0,0,2026-04-25T04:40:20
375,8,53,11,0.501,1,0,0,2026-03-15T06:31:36
376,8,74,134,0.541,0,0,0,2026-04-04T07:24:14
377,8,34,177,0.276,0,0,0,2026-03-29T04:01:52
378,8,36,6,0.334,0,0,0,2026-03-29T18:26:57
379,8,80,174,0.57,1,0,0,2026-04-16T07:34:13
380,8,80,161,0.785,0,0,0,2026-04-04T03:16:29
381,8,53,59,0.55,1,0,0,2026-03-23T02:42:20
382,8,87,94,0.07,0,0,0,2026-03-23T01:47:19
383,8,87,80,0.519,0,0,0,2026-02-22T17:25:14
384,8,72,79,0.978,0,0,1,2026-03-29T02:52:30
385,8,23,177,0.737,0,0,0,2026-03-14T13:17:46
386,9,36,160,0.18,0,0,0,2026-04-11T20:43:28
387,9,5,130,0.317,0,1,0,2026-04-11T01:39:36
388,9,40,150,0.105,0,1,0,2026-04-09T05:22:58
389,9,51,92,0.639,0,0,0,2026-02-15T11:34:36
390,9,3,146,0.754,0,0,0,2026-02-17T08:23:30
391,9,77,157,0.622,0,0,0,2026-03-14T06:30:58
392,9,66,74,0.367,0,0,0,2026-04-19T10:58:59
393,9,76,43,0.331,0,0,0,2026-04-17T18:33:06
394,9,38,72,0.401,0,0,0,2026-03-29T00:13:49
395,9,3,175,0.352,0,0,0,2026-03-13T11:21:20
396,9,19,111,0.868,1,0,0,2026-03-02T23:23:08
397,9,65,113,0.84,1,0,0,2026-03-20T10:26:34
398,9,48,44,0.598,1,1,1,2026-04-02T03:42:48
399,9,79,94,0.559,0,0,0,2026-02-07T04:45:58
400,9,82,151,0.427,0,0,0,2026-03-08T21:08:20
401,9,55,159,0.215,0,0,0,2026-03-22T04:48:05
402,9,7,102,0.84,1,0,0,2026-04-22T04:51:51
403,9,7,106,0.539,0,0,0,2026-03-18T03:46:09
404,9,33,137,0.877,0,0,0,2026-02-21T01:18:03
405,9,3,152,0.677,0,0,0,2026-03-25T09:26:40
406,9,1,11,0.661,0,0,0,2026-02-05T00:16:53
407,9,34,154,0.379,0,0,0,2026-03-03T16:14:22
408,9,96,45,0.287,0,0,0,2026-04-11T15:16:25
409,9,54,98,0.242,0,0,0,2026-02-17T17:18:36
410,9,94,154,0.791,0,0,0,2026-03-26T08:33:16
411,9,67,19,0.484,0,1,0,2026-03-05T17:56:30
412,9,61,109,0.285,0,0,0,2026-03-06T03:39:34
413,9,61,92,0.284,0,0,0,2026-04-13T08:47:06
414,9,37,127,0.431,0,1,0,2026-04-21T13:53:10
415,9,13,21,0.192,0,0,1,2026-01-28T02:53:10
416,9,5,121,0.357,1,0,0,2026-03-22T20:00:43
417,9,77,117,0.627,0,0,0,2026-02-18T02:33:42
418,9,54,156,0.584,0,1,0,2026-02-07T00:41:01
419,9,78,59,0.407,0,0,0,2026-04-03T19:27:41
420,9,5,163,0.697,0,0,0,2026-02-17T23:16:53
421,9,54,45,0.229,0,0,0,2026-03-03T13:38:05
422,9,44,3,0.809,0,0,0,2026-03-09T16:46:20
423,9,14,4,0.823,1,0,0,2026-03-01T21:31:50
424,9,52,128,0.568,0,1,0,2026-04-19T08:21:32
425,9,29,79,0.793,0,0,0,2026-02-21T14:09:38
426,9,17,172,0.198,0,0,0,2026-03-02T11:00:20
427,9,92,68,0.793,0,0,0,2026-03-11T03:30:13
428,9,16,87,0.785,1,0,1,2026-02-04T13:52:06
429,9,29,55,0.837,0,0,0,2026-03-08T16:40:52
430,9,16,58,0.869,0,0,0,2026-02-16T18:14:43
431,9,1,67,0.641,0,0,0,2026-02-12T07:26:14
432,9,41,136,0.767,0,0,0,2026-01-30T17:34:10
433,9,40,45,0.631,1,0,1,2026-03-17T16:10:44
434,9,96,110,0.454,0,0,0,2026-03-31T18:05:23
435,9,45,19,0.526,0,0,0,2026-04-07T13:35:58
436,9,6,129,0.222,0,0,0,2026-04-13T12:00:56
437,9,45,77,0.764,1,0,0,2026-03-25T10:06:31
438,9,12,19,0.779,1,0,0,2026-03-11T07:56:57
439,9,78,136,0.659,1,0,0,2026-04-26T14:05:40
440,9,63,137,0.696,1,0,1,2026-04-08T04:07:04
441,9,39,54,0.528,0,0,0,2026-03-10T02:07:33
442,9,76,167,0.966,0,0,0,2026-03-03T01:37:15
443,9,76,167,0.662,0,0,0,2026-04-01T06:10:19
444,9,1,70,0.887,0,0,0,2026-03-10T12:44:18
445,9,57,79,0.481,0,0,0,2026-03-25T19:10:28
446,9,7,3,0.36,0,0,0,2026-01-29T12:24:23
447,9,34,107,0.442,0,0,0,2026-03-27T12:28:44
448,9,99,179,0.682,0,0,1,2026-02-13T03:28:21
449,9,57,46,0.739,1,0,0,2026-03-07T04:43:18
450,9,13,54,0.127,0,0,0,2026-04-02T07:32:38
451,9,86,29,0.458,0,0,0,2026-04-21T13:59:23
452,9,89,97,0.473,1,0,0,2026-04-09T06:46:06
453,9,1,79,0.939,0,0,0,2026-02-07T14:10:36
454,9,16,82,0.585,0,0,0,2026-02-25T09:41:40
455,9,78,24,0.816,0,0,1,2026-03-13T21:30:18
456,9,5,126,0.701,0,0,0,2026-02-13T03:12:15
457,9,39,115,0.546,1,0,0,2026-03-27T12:21:43
458,10,39,109,0.193,0,0,0,2026-04-27T09:30:22
459,10,37,82,0.769,0,0,0,2026-03-28T01:54:51
460,10,39,103,0.536,1,0,0,2026-02-01T02:26:16
461,10,55,159,0.235,0,0,0,2026-03-22T22:45:42
462,10,18,123,0.423,0,0,0,2026-04-13T03:38:59
463,10,80,145,0.506,1,0,1,2026-01-30T13:46:04
464,10,19,31,0.228,1,0,0,2026-01-29T11:12:30
465,10,18,153,0.73,1,0,0,2026-02-13T23:02:10
466,10,44,62,0.685,0,0,0,2026-02-18T04:04:54
467,10,26,5,0.907,1,0,0,2026-02-06T13:13:15
468,10,85,67,0.286,0,0,0,2026-02-14T16:02:45
469,10,28,47,0.556,0,0,0,2026-02-09T09:06:33
470,10,28,129,0.839,0,0,0,2026-04-22T21:59:02
471,10,74,157,0.665,0,0,0,2026-03-27T08:10:32
472,10,54,168,0.669,0,0,0,2026-03-11T02:37:30
473,10,38,17,0.408,0,0,0,2026-01-28T02:09:34
474,10,27,124,0.214,0,0,0,2026-04-02T06:37:12
475,10,54,7,0.792,0,1,0,2026-04-15T08:21:11
476,10,98,147,0.543,0,0,0,2026-03-12T11:34:03
477,10,16,111,0.244,0,0,0,2026-03-01T06:40:36
478,10,54,172,0.896,0,0,0,2026-03-25T01:15:29
479,10,70,78,0.669,0,0,0,2026-03-09T22:22:13
480,10,100,161,0.282,0,1,0,2026-01-29T02:39:53
481,10,18,30,0.105,0,0,0,2026-03-12T00:52:29
482,10,60,49,0.603,0,0,0,2026-02-11T03:11:19
483,10,26,23,0.303,0,0,0,2026-04-24T04:06:49
484,10,33,154,0.529,0,0,0,2026-04-06T23:21:04
485,10,51,75,0.23,0,0,0,2026-04-25T00:31:49
486,10,98,25,0.566,0,0,0,2026-04-16T10:56:59
487,10,54,6,0.691,0,0,0,2026-04-04T22:23:32
488,10,49,64,0.896,1,0,0,2026-03-06T03:26:16
489,10,40,87,0.646,1,0,0,2026-03-23T13:19:08
490,10,53,105,0.506,0,0,0,2026-04-18T13:30:44
491,10,54,112,0.293,0,0,0,2026-03-31T08:04:28
492,10,85,138,0.552,0,0,0,2026-03-12T17:53:43
493,10,84,31,0.933,1,1,0,2026-04-20T03:40:47
494,10,70,65,0.797,0,0,1,2026-03-23T23:13:22
495,10,49,156,0.754,1,0,0,2026-02-14T17:57:49
496,11,7,35,0.488,0,0,0,2026-04-28T11:11:57
497,11,36,157,0.604,0,1,0,2026-04-08T19:28:07
498,11,41,32,0.607,0,1,0,2026-01-30T20:26:58
499,11,36,14,0.84,1,0,0,2026-04-12T17:57:50
500,11,4,110,0.903,0,0,0,2026-02-21T23:49:51
501,11,76,172,0.661,0,0,0,2026-03-11T23:50:22
502,11,7,50,0.712,1,0,0,2026-03-04T09:31:42
503,11,40,79,0.597,0,0,0,2026-03-11T06:47:00
504,11,11,24,0.731,0,0,0,2026-03-11T20:38:17
505,11,37,135,0.651,1,0,0,2026-04-10T02:59:19
506,11,16,11,0.571,0,0,0,2026-03-07T03:37:00
507,11,16,34,0.397,0,0,0,2026-04-06T11:46:48
508,11,36,170,0.866,0,0,0,2026-02-27T18:49:24
509,11,4,74,0.417,0,1,0,2026-02-03T17:19:44
510,11,4,32,0.652,0,0,0,2026-04-15T07:36:05
511,11,41,58,0.738,1,0,0,2026-02-28T05:50:39
512,11,6,30,0.469,0,0,0,2026-03-24T19:58:09
513,11,86,62,0.306,0,1,0,2026-03-22T08:28:22
514,11,19,60,0.721,0,0,0,2026-02-05T07:05:08
515,11,89,99,0.358,0,0,0,2026-04-11T17:09:29
516,11,51,45,0.267,0,0,0,2026-04-20T23:12:25
517,11,48,74,0.441,1,0,0,2026-04-18T00:24:45
518,11,93,55,0.593,0,0,0,2026-02-22T15:08:36
519,11,78,78,0.42,1,0,0,2026-04-13T02:39:39
520,11,41,165,0.111,0,0,0,2026-03-26T22:42:07
521,11,33,116,0.642,1,0,1,2026-01-29T01:09:25
522,11,51,157,0.913,0,1,0,2026-02-02T19:56:35
523,11,3,86,0.21,0,0,0,2026-04-18T13:09:01
524,11,3,99,0.368,1,0,0,2026-03-09T16:14:09
525,11,13,177,0.449,0,0,0,2026-02-14T07:53:40
526,11,6,176,0.159,0,0,0,2026-04-22T17:26:04
527,11,40,17,0.286,0,0,0,2026-03-13T15:20:39
528,11,7,152,0.766,0,0,0,2026-02-10T19:25:16
529,11,16,22,0.591,0,0,1,2026-01-31T13:10:54
530,11,100,150,0.287,0,0,0,2026-04-22T09:13:50
531,11,6,120,0.321,1,1,0,2026-04-23T12:59:23
532,11,84,133,0.681,0,0,0,2026-03-31T04:32:18
533,11,26,103,0.737,0,0,0,2026-04-20T03:28:40
534,11,12,134,0.26,0,0,0,2026-04-12T07:41:20
535,11,5,98,0.578,0,0,0,2026-03-14T10:58:14
536,11,61,70,0.791,0,0,0,2026-02-03T17:04:10
537,11,13,138,0.889,0,0,0,2026-01-29T03:10:56
538,11,12,60,0.411,0,0,0,2026-03-12T00:54:04
539,11,48,149,0.602,0,1,0,2026-02-06T10:58:25
540,11,11,98,0.733,0,0,0,2026-03-19T13:10:20
541,11,6,110,0.634,1,0,0,2026-04-24T04:26:54
542,11,6,85,0.569,1,0,0,2026-02-05T21:16:14
543,11,86,38,0.596,0,0,0,2026-02-12T23:32:37
544,11,9,161,0.505,0,0,0,2026-03-16T14:13:41
545,11,86,24,0.551,0,0,0,2026-02-25T12:11:10
546,11,5,112,0.858,0,1,0,2026-03-03T20:09:20
547,11,3,5,0.687,0,0,0,2026-04-02T20:03:55
548,11,73,126,0.841,1,0,0,2026-03-15T07:36:01
549,11,12,176,0.809,0,0,0,2026-04-17T22:30:45
550,12,65,58,0.552,0,0,1,2026-02-04T08:32:35
551,12,62,128,0.456,0,0,0,2026-03-02T18:07:04
552,12,80,174,0.713,1,1,0,2026-02-05T20:34:30
553,12,35,155,0.597,0,0,0,2026-02-08T17:02:57
554,12,25,119,0.481,0,0,0,2026-03-21T10:21:19
555,12,43,11,0.97,1,0,1,2026-03-05T23:06:23
556,12,9,175,0.865,0,1,0,2026-04-20T08:17:46
557,12,90,5,0.474,0,0,0,2026-02-16T23:40:23
558,12,59,108,0.818,1,0,0,2026-03-28T07:37:50
559,12,62,37,0.591,1,0,0,2026-03-30T19:24:29
560,12,72,9,0.209,0,1,0,2026-03-18T19:38:38
561,12,68,55,0.335,0,0,0,2026-03-26T19:26:17
562,12,35,59,0.268,0,0,0,2026-01-30T00:23:12
563,12,59,173,0.244,0,0,0,2026-01-31T06:45:05
564,12,73,48,0.606,0,0,0,2026-04-19T11:33:37
565,12,35,19,0.623,0,0,0,2026-03-01T09:58:56
566,12,57,154,0.784,0,0,0,2026-03-01T12:43:33
567,12,46,86,0.58,0,0,0,2026-03-21T02:47:40
568,12,30,31,0.745,1,0,0,2026-03-15T14:20:12
569,12,75,108,0.905,0,0,0,2026-02-14T19:17:31
570,12,67,169,0.863,0,0,0,2026-03-04T17:36:55
571,12,88,100,0.779,0,0,0,2026-02-04T01:33:19
572,12,46,97,0.782,1,0,0,2026-02-24T19:36:50
573,12,72,59,0.868,0,0,0,2026-04-05T15:09:50
574,12,42,106,0.372,0,0,0,2026-03-02T23:37:18
575,12,46,142,0.751,0,1,1,2026-02-01T12:26:12
576,12,10,171,0.739,0,0,0,2026-02-13T20:15:45
577,12,42,57,0.496,0,0,0,2026-04-03T22:07:46
578,12,80,6,0.746,1,0,0,2026-02-02T03:47:45
579,12,59,79,0.889,0,0,0,2026-04-04T18:02:38
580,12,84,97,0.431,0,0,0,2026-02-24T02:47:49
581,12,38,42,0.39,0,0,0,2026-02-24T17:25:42
582,12,97,146,0.831,0,1,0,2026-02-10T12:18:42
583,12,59,116,0.492,0,0,0,2026-04-06T00:09:17
584,12,38,152,0.367,0,0,0,2026-02-15T02:16:05
585,12,30,93,0.429,0,0,0,2026-03-18T11:47:22
586,12,68,87,0.32,1,0,0,2026-04-10T22:03:44
587,12,80,166,0.614,0,0,0,2026-03-30T15:17:06
588,12,88,127,0.566,0,0,0,2026-04-03T07:28:31
589,12,68,91,0.106,1,0,0,2026-04-03T21:02:51
590,12,10,38,0.419,0,0,0,2026-02-06T22:52:32
591,12,81,110,0.36,0,0,0,2026-02-13T02:11:39
592,12,2,4,0.841,0,1,0,2026-03-11T20:25:54
593,12,80,12,0.631,0,0,0,2026-04-24T03:33:40
594,12,99,170,0.349,1,0,0,2026-04-27T15:57:18
595,12,47,108,0.659,1,0,0,2026-03-05T04:32:00
596,12,90,14,0.864,0,0,0,2026-02-16T06:02:14
597,12,84,31,0.278,1,0,0,2026-03-13T17:46:49
598,12,83,135,0.602,0,0,0,2026-04-27T00:48:48
599,12,75,118,0.776,1,0,0,2026-03-30T21:37:44
600,12,46,128,0.717,0,0,0,2026-04-26T20:30:26
601,12,20,39,0.82,1,0,0,2026-03-23T03:47:10
602,12,83,82,0.45,1,0,0,2026-04-08T01:54:27
603,12,2,34,0.73,0,0,0,2026-02-16T17:38:31
604,12,75,150,0.48,0,0,0,2026-03-16T05:19:08
605,12,42,52,0.697,0,1,1,2026-02-20T16:18:06
606,12,73,136,0.225,1,0,0,2026-04-02T14:04:15
607,12,42,60,0.686,0,0,0,2026-03-29T23:38:16
608,12,84,88,0.743,0,1,0,2026-04-22T16:23:15
609,12,35,31,0.36,1,0,0,2026-03-13T08:27:57
610,12,68,93,0.684,0,0,0,2026-04-24T02:48:32
611,12,47,63,0.243,0,0,0,2026-03-15T13:43:32
612,12,47,92,0.676,0,1,0,2026-03-06T12:56:41
613,12,10,116,0.519,1,0,0,2026-03-25T12:11:02
614,12,72,133,0.438,1,0,0,2026-03-17T05:03:30
615,12,90,180,0.928,0,0,0,2026-04-16T03:39:46
616,12,38,107,0.29,0,0,0,2026-03-25T00:12:01
617,12,81,38,0.557,0,0,0,2026-03-20T16:29:02
618,12,46,95,0.315,0,0,0,2026-04-09T10:31:05
619,12,62,54,0.469,0,0,0,2026-02-08T20:21:11
620,12,99,27,0.707,0,0,0,2026-02-19T08:05:26
621,12,75,167,0.135,0,0,0,2026-04-05T04:15:15
622,13,97,36,0.57,0,0,0,2026-03-15T10:01:33
623,13,10,63,0.406,0,0,0,2026-04-01T12:02:46
624,13,61,71,0.456,1,0,0,2026-03-19T13:58:27
625,13,96,119,0.592,1,0,0,2026-02-19T13:20:45
626,13,97,6,0.799,0,0,1,2026-04-20T21:03:33
627,13,65,172,0.513,0,0,0,2026-03-19T08:55:16
628,13,37,86,0.737,1,0,0,2026-02-17T17:34:11
629,13,97,30,0.392,0,1,0,2026-01-30T01:18:55
630,13,83,17,0.387,1,0,0,2026-01-28T12:17:46
631,13,30,129,0.752,0,0,0,2026-04-03T14:54:03
632,13,4,98,0.626,0,0,1,2026-04-08T04:01:14
633,13,23,74,0.719,0,0,0,2026-03-04T05:07:49
634,13,97,69,0.455,0,0,0,2026-02-04T03:27:32
635,13,59,30,0.365,0,0,0,2026-04-20T19:32:22
636,13,72,70,0.515,0,0,0,2026-01-29T22:59:58
637,13,57,81,0.484,0,0,0,2026-03-23T09:24:46
638,13,96,152,0.925,1,0,0,2026-03-07T16:17:07
639,13,33,4,0.611,1,0,0,2026-04-23T06:16:58
640,13,84,15,0.287,0,0,0,2026-02-22T07:00:33
641,13,83,16,0.579,0,1,0,2026-03-14T00:30:03
642,13,7,143,0.898,0,0,0,2026-04-11T10:52:05
643,13,80,84,0.858,0,0,0,2026-03-10T00:01:49
644,13,24,40,0.685,0,0,0,2026-02-10T02:55:48
645,13,93,98,0.367,0,0,0,2026-03-10T09:41:02
646,13,41,56,0.518,1,0,0,2026-02-19T04:54:40
647,13,5,47,0.932,1,0,1,2026-02-15T00:58:41
648,13,35,69,0.83,0,1,0,2026-02-22T05:53:39
649,13,89,83,0.274,0,0,0,2026-03-04T23:21:28
650,13,7,17,0.583,0,0,0,2026-02-04T23:37:38
651,13,100,56,0.455,0,0,0,2026-02-18T18:13:11
652,13,2,44,0.643,0,1,0,2026-02-05T14:06:51
653,13,47,107,0.645,1,0,1,2026-02-01T03:02:34
654,13,10,32,0.14,1,0,0,2026-04-15T17:04:34
655,13,6,26,0.519,0,0,0,2026-03-03T11:13:50
656,13,88,139,0.208,0,0,0,2026-04-17T22:16:14
657,13,78,66,0.669,0,0,0,2026-01-31T16:41:02
658,13,86,157,0.099,0,1,1,2026-04-17T15:12:09
659,13,57,36,0.598,0,0,0,2026-04-11T15:14:16
660,13,57,179,0.358,0,0,0,2026-03-21T07:30:30
661,13,99,164,0.687,0,0,0,2026-01-30T09:37:36
662,13,93,113,0.658,0,0,0,2026-03-11T08:08:49
663,13,19,34,0.511,0,0,0,2026-02-15T23:55:37
664,13,48,114,0.196,0,0,0,2026-03-30T02:28:58
665,13,51,174,0.81,0,0,1,2026-03-24T20:55:28
666,13,35,101,0.87,0,0,0,2026-02-26T07:48:12
667,13,14,163,0.166,0,0,0,2026-04-01T13:37:11
668,13,97,15,0.362,1,0,0,2026-03-10T02:54:52
669,13,3,64,0.398,0,0,0,2026-03-09T21:38:22
670,13,50,45,0.505,0,1,0,2026-03-13T10:36:31
671,13,48,162,0.759,0,0,1,2026-04-03T18:35:47
672,13,65,134,0.858,0,0,0,2026-02-06T00:55:28
673,13,72,134,0.492,1,0,0,2026-02-16T08:25:46
674,13,25,75,0.487,0,0,0,2026-02-15T07:43:32
675,13,99,90,0.835,0,0,0,2026-03-10T16:20:23
676,13,16,69,0.827,0,0,1,2026-04-19T06:55:17
677,14,65,167,0.285,0,0,0,2026-04-07T15:06:01
678,14,3,37,0.565,0,1,0,2026-01-30T10:08:08
679,14,48,34,0.803,0,0,0,2026-02-17T09:48:29
680,14,86,61,0.775,1,0,0,2026-04-07T03:05:41
681,14,59,12,0.515,0,0,0,2026-02-17T02:58:07
682,14,59,176,0.674,1,0,0,2026-04-12T03:54:24
683,14,4,163,0.666,1,0,0,2026-03-10T18:36:35
684,14,20,126,0.533,0,1,0,2026-04-05T23:38:26
685,14,11,161,0.795,1,0,0,2026-03-03T02:33:56
686,14,48,128,0.678,0,0,0,2026-03-07T03:55:21
687,14,92,36,0.366,0,0,0,2026-04-05T12:09:11
688,14,3,178,0.805,1,0,0,2026-02-11T15:27:34
689,14,9,43,0.567,0,0,0,2026-04-16T06:37:58
690,14,48,137,0.58,1,0,0,2026-03-04T22:34:15
691,14,35,49,0.242,1,0,0,2026-02-10T10:47:19
692,14,85,122,0.699,0,0,0,2026-03-31T16:47:19
693,14,4,54,0.706,0,1,0,2026-03-16T17:01:00
694,14,3,33,0.776,1,0,0,2026-04-09T01:17:51
695,14,30,69,0.349,0,0,0,2026-02-17T22:15:35
696,14,59,51,0.258,0,0,0,2026-02-08T17:15:49
697,14,13,44,0.59,0,0,0,2026-03-06T09:43:54
698,14,62,39,0.888,0,0,0,2026-02-17T00:08:47
699,14,88,151,0.867,0,0,0,2026-02-20T22:17:54
700,14,42,4,0.463,0,0,0,2026-04-09T22:21:12
701,14,48,160,0.243,0,0,0,2026-01-28T10:41:18
702,14,3,151,0.697,0,0,0,2026-02-05T04:50:11
703,14,7,101,0.876,0,1,0,2026-03-27T18:19:27
704,14,23,98,0.81,0,0,0,2026-03-06T12:41:12
705,14,23,65,0.954,1,0,0,2026-02-10T21:42:12
706,14,89,85,0.386,1,0,0,2026-04-27T23:57:53
707,14,5,87,0.495,0,0,0,2026-04-26T21:51:22
708,14,25,32,0.404,0,0,0,2026-01-31T03:02:56
709,14,42,29,0.306,0,1,0,2026-04-02T05:39:00
710,14,7,120,0.692,1,0,0,2026-04-10T02:47:51
711,14,17,24,0.31,0,1,0,2026-04-15T15:11:09
712,14,59,81,0.91,0,0,0,2026-03-20T21:57:08
713,14,88,68,0.307,0,0,0,2026-04-02T20:42:15
714,15,55,110,0.739,0,0,0,2026-02-27T14:37:36
715,15,82,46,0.371,1,0,0,2026-04-02T00:23:01
716,15,9,100,0.718,0,0,0,2026-03-10T19:56:54
717,15,66,103,0.355,0,0,0,2026-03-02T11:33:41
718,15,28,161,0.536,0,0,0,2026-04-13T02:35:39
719,15,28,117,0.876,0,0,0,2026-03-22T03:28:41
720,15,82,170,0.208,1,0,0,2026-01-28T06:19:21
721,15,57,16,0.142,0,0,0,2026-02-03T21:56:19
722,15,14,76,0.632,0,0,0,2026-03-21T18:30:07
723,15,77,87,0.297,1,1,0,2026-02-21T04:22:18
724,15,24,158,0.166,0,0,0,2026-03-20T07:40:15
725,15,67,70,0.315,0,0,0,2026-03-10T07:31:00
726,15,82,67,0.804,0,0,0,2026-02-03T04:48:42
727,15,54,166,0.572,0,0,0,2026-02-01T10:05:56
728,15,14,138,0.633,0,0,0,2026-04-06T13:56:35
729,15,10,49,0.934,0,0,0,2026-02-15T15:39:38
730,15,80,83,0.876,1,0,0,2026-03-17T20:57:39
731,15,62,20,0.294,0,0,0,2026-03-28T08:37:33
732,15,28,89,0.538,1,0,0,2026-04-23T07:17:25
733,15,15,162,0.401,0,0,0,2026-02-16T16:34:00
734,15,62,64,0.602,0,0,0,2026-03-25T21:23:22
735,15,74,157,0.813,1,1,0,2026-03-11T19:38:09
736,15,67,157,0.515,0,0,1,2026-03-14T02:14:41
737,15,24,173,0.416,0,0,0,2026-03-30T23:39:43
738,15,24,122,0.754,1,0,0,2026-04-14T07:14:08
739,15,80,22,0.639,0,0,0,2026-04-19T18:18:20
740,15,27,152,0.572,0,1,0,2026-02-05T15:04:48
741,15,98,151,0.336,0,0,0,2026-02-21T11:38:31
742,15,85,59,0.186,1,0,0,2026-02-06T12:59:39
743,15,22,67,0.753,0,0,0,2026-04-12T05:44:52
744,15,27,74,0.593,0,0,0,2026-04-01T16:15:31
745,15,44,54,0.693,0,0,0,2026-02-22T00:08:37
746,15,23,19,0.275,0,0,0,2026-02-05T09:44:58
747,15,34,85,0.917,0,0,0,2026-02-12T14:32:04
748,15,7,155,0.415,0,0,0,2026-04-21T04:45:12
749,15,14,7,0.688,1,1,0,2026-02-09T01:53:38
750,15,10,93,0.217,0,0,0,2026-03-05T13:41:26
751,15,18,8,0.351,0,1,0,2026-03-19T09:30:20
752,15,14,95,0.813,1,0,0,2026-03-14T17:48:16
753,15,74,134,0.443,0,0,0,2026-03-18T21:02:57
754,15,70,76,0.634,0,0,0,2026-02-26T22:46:47
755,15,49,37,0.716,0,1,0,2026-03-09T01:04:36
756,15,74,94,0.834,1,0,0,2026-03-19T13:33:32
757,15,55,164,0.155,0,0,0,2026-02-05T10:30:01
758,15,70,55,0.72,0,0,0,2026-04-24T17:30:58
759,15,74,158,0.622,0,0,0,2026-03-01T09:33:25
760,15,24,68,0.972,0,0,0,2026-02-06T10:59:17
761,15,77,127,0.903,0,0,0,2026-03-12T13:30:21
762,15,70,131,0.872,1,0,0,2026-03-29T21:31:46
763,15,57,170,0.432,0,0,0,2026-02-27T18:39:53
764,15,49,136,0.758,1,0,1,2026-03-20T20:38:48
765,15,38,140,0.748,0,0,0,2026-02-08T20:49:05
766,15,72,140,0.486,0,0,0,2026-02-13T08:37:12
767,15,10,46,0.697,0,0,0,2026-03-06T04:54:04
768,15,72,153,0.735,0,0,0,2026-04-06T07:40:42
769,15,98,31,0.673,0,0,0,2026-02-09T03:06:28
770,15,98,111,0.432,0,0,0,2026-04-19T02:32:48
771,15,62,144,0.789,0,0,0,2026-02-20T01:16:16
772,16,60,119,0.497,0,0,0,2026-03-30T22:12:42
773,16,70,92,0.643,1,0,0,2026-02-28T05:11:50
774,16,26,75,0.806,0,0,0,2026-02-24T03:59:27
775,16,73,32,0.414,0,0,0,2026-04-12T23:14:05
776,16,83,71,0.472,0,0,0,2026-03-01T09:39:35
777,16,60,128,0.783,0,0,0,2026-03-28T03:10:56
778,16,98,117,0.532,0,0,0,2026-03-12T13:48:15
779,16,70,157,0.546,0,0,0,2026-02-02T23:09:46
780,16,84,149,0.366,0,0,0,2026-03-12T09:07:29
781,16,82,25,0.68,0,0,0,2026-04-14T05:47:03
782,16,90,124,0.834,0,1,1,2026-02-09T12:38:29
783,16,60,115,0.571,1,0,1,2026-02-28T10:07:19
784,16,73,130,0.264,0,0,0,2026-04-08T17:50:37
785,16,18,89,0.622,0,0,0,2026-03-14T15:06:44
786,16,84,36,0.869,0,0,0,2026-03-21T21:40:10
787,16,8,74,0.343,0,0,0,2026-04-20T18:28:10
788,16,49,118,0.698,0,0,1,2026-03-26T09:22:15
789,16,46,158,0.99,0,0,1,2026-04-01T14:45:12
790,16,85,153,0.611,1,0,0,2026-04-07T03:36:03
791,16,46,35,0.22,0,0,0,2026-04-25T09:04:49
792,16,58,99,0.792,1,0,0,2026-02-04T20:47:03
793,16,46,131,0.754,0,0,0,2026-03-02T12:43:20
794,16,85,15,0.638,0,0,0,2026-01-31T01:47:56
795,16,90,3,0.542,0,0,0,2026-02-08T19:56:42
796,16,81,130,0.694,0,0,0,2026-03-31T04:07:24
797,16,33,85,0.839,0,1,0,2026-02-16T15:53:37
798,16,60,58,0.384,0,0,0,2026-04-07T02:53:55
799,16,38,42,0.45,0,0,0,2026-04-16T18:10:03
800,16,98,18,0.824,0,0,0,2026-02-07T05:30:17
801,16,66,125,0.74,0,0,0,2026-03-07T15:09:03
802,16,85,155,0.285,1,0,0,2026-03-24T17:02:41
803,16,99,30,0.762,0,0,0,2026-04-18T21:39:02
804,16,47,148,0.681,0,0,0,2026-03-14T19:11:10
805,16,75,34,0.485,0,0,0,2026-02-04T03:06:21
806,16,60,139,0.47,1,0,0,2026-03-19T04:59:30
807,16,16,99,0.29,0,0,0,2026-03-14T15:34:49
808,16,18,137,0.501,0,0,0,2026-02-02T00:20:26
809,16,78,177,0.336,0,0,0,2026-02-20T17:20:36
810,16,46,80,0.333,0,0,0,2026-04-16T19:40:46
811,16,49,167,0.222,0,0,0,2026-04-24T08:06:31
812,16,23,94,0.747,0,0,0,2026-02-15T14:07:08
813,16,73,175,0.814,0,0,0,2026-03-24T16:42:50
814,16,73,9,0.118,0,0,0,2026-02-04T17:09:27
815,16,60,175,0.381,0,0,0,2026-03-10T11:23:32
816,16,49,140,0.181,0,0,0,2026-03-02T17:53:08
817,16,68,65,0.369,0,0,0,2026-03-06T03:38:51
818,16,73,20,0.697,0,0,0,2026-02-08T09:35:41
819,16,46,7,0.582,0,0,0,2026-04-20T19:35:18
820,16,52,141,0.321,1,0,0,2026-02-16T15:34:41
821,16,85,160,0.27,0,0,0,2026-02-12T14:08:30
822,16,47,115,0.657,1,0,0,2026-02-27T18:15:43
823,16,74,35,0.522,0,0,0,2026-04-19T23:02:46
824,16,68,157,0.489,0,0,0,2026-04-18T09:22:18
825,16,18,174,0.67,1,0,0,2026-02-21T05:07:54
826,16,82,27,0.717,0,0,0,2026-03-11T11:46:18
827,16,68,47,0.563,1,0,0,2026-04-14T21:08:00
828,16,73,69,0.466,0,0,1,2026-03-09T10:28:05
829,16,47,35,0.808,0,0,0,2026-01-28T02:26:23
830,16,96,129,0.796,1,0,0,2026-04-09T00:46:13
831,16,38,55,0.55,1,0,0,2026-04-15T07:09:19
832,16,18,164,0.821,0,0,0,2026-02-12T22:32:32
833,16,90,78,0.305,0,0,0,2026-02-11T10:07:23
834,16,100,58,0.832,1,0,0,2026-03-14T23:55:56
835,16,70,121,0.479,0,0,0,2026-04-11T20:33:32
836,16,91,80,0.769,0,0,0,2026-02-09T07:37:00
837,16,75,158,0.811,0,0,0,2026-02-21T13:48:01
838,16,2,112,0.567,0,0,0,2026-01-27T15:19:17
839,16,74,7,0.501,1,0,0,2026-03-10T07:00:38
840,16,60,52,0.541,1,0,0,2026-02-10T13:09:14
841,16,75,95,0.719,1,0,0,2026-03-29T12:01:18
842,16,98,47,0.674,1,0,1,2026-02-12T16:22:13
843,16,70,175,0.363,0,0,0,2026-04-25T15:45:08
844,16,18,52,0.838,0,0,0,2026-01-29T19:18:02
845,16,31,36,0.672,0,0,1,2026-02-28T07:53:28
846,16,47,32,0.656,1,0,1,2026-04-02T14:58:21
847,16,74,123,0.47,1,0,0,2026-03-24T00:11:42
848,16,47,108,0.719,0,0,0,2026-02-17T23:34:56
849,16,80,77,0.363,0,0,0,2026-02-21T07:31:05
850,16,47,102,0.858,1,1,0,2026-03-23T18:54:17
851,16,14,92,0.51,0,0,0,2026-04-23T03:40:03
852,16,73,161,0.98,0,1,0,2026-04-02T01:10:22
853,16,73,124,0.785,0,0,0,2026-01-28T20:26:17
854,16,18,164,0.431,1,0,0,2026-01-30T10:11:04
855,16,98,99,0.603,0,0,0,2026-02-25T16:02:51
856,16,49,125,0.844,1,0,0,2026-02-25T13:25:19
857,16,67,83,0.67,0,0,0,2026-02-17T14:02:09
858,16,70,143,0.595,0,0,0,2026-04-10T09:57:48
859,16,90,166,0.186,1,0,1,2026-03-31T07:21:46
860,16,74,16,0.863,0,0,0,2026-03-26T02:42:40
861,16,47,84,0.776,0,0,0,2026-04-16T23:54:27
862,16,47,153,0.842,0,0,0,2026-03-02T12:55:48
863,16,82,35,0.479,0,0,0,2026-02-18T03:00:45
864,16,46,125,0.398,1,1,0,2026-04-26T03:38:29
865,16,85,62,0.669,1,0,0,2026-02-07T06:15:44
866,16,75,98,0.472,0,0,0,2026-01-29T14:07:31
867,16,47,150,0.526,0,0,0,2026-02-17T22:58:27
868,16,90,7,0.371,0,0,0,2026-03-26T17:29:44
869,16,49,146,0.388,0,0,0,2026-04-17T14:06:44
870,16,68,26,0.792,1,0,0,2026-02-18T15:43:25
871,16,74,77,0.199,0,0,0,2026-04-05T18:41:56
872,16,31,58,0.675,0,0,0,2026-02-08T08:45:28
873,16,70,180,0.322,0,0,0,2026-03-18T13:14:23
874,16,50,51,0.496,0,0,0,2026-04-06T22:31:37
875,16,82,23,0.118,0,0,0,2026-02-26T10:43:26
876,16,68,48,0.726,0,0,1,2026-04-19T08:38:39
877,16,6,88,0.42,0,0,0,2026-04-05T05:30:48
878,16,85,34,0.771,0,0,0,2026-04-19T05:17:39
879,16,46,31,0.171,0,0,0,2026-03-26T19:47:01
880,16,73,167,0.194,0,0,0,2026-04-08T17:18:55
881,16,60,164,0.298,0,0,0,2026-03-23T10:19:06
882,16,68,98,0.181,0,0,0,2026-04-07T03:45:57
883,16,18,118,0.861,0,0,0,2026-04-18T14:07:17
884,16,75,130,0.812,0,0,0,2026-04-22T15:58:27
885,16,18,35,0.709,0,0,0,2026-04-09T00:56:55
886,16,73,177,0.899,0,0,0,2026-02-26T15:18:54
887,16,75,41,0.699,0,0,1,2026-03-14T14:59:01
888,16,81,56,0.362,0,0,0,2026-02-26T05:42:38
889,16,81,169,0.633,0,0,0,2026-04-23T05:34:46
890,16,77,166,0.281,0,0,0,2026-03-20T09:20:40
891,17,94,157,0.787,0,0,0,2026-02-16T08:19:18
892,17,11,29,0.549,1,0,0,2026-04-01T14:12:08
893,17,28,170,0.443,0,0,0,2026-03-03T03:20:05
894,17,77,75,0.837,0,0,0,2026-03-05T13:09:13
895,17,27,124,0.295,0,0,0,2026-04-11T18:16:15
896,17,94,177,0.481,0,0,0,2026-04-17T08:18:45
897,17,93,162,0.15,0,0,0,2026-04-12T17:02:22
898,17,3,49,0.563,0,0,0,2026-04-05T22:54:04
899,17,42,33,0.432,0,0,0,2026-03-07T15:31:56
900,17,29,40,0.509,0,0,0,2026-03-11T11:45:16
901,17,55,128,0.529,1,0,0,2026-02-11T11:40:29
902,17,58,99,0.926,1,0,0,2026-04-22T06:53:49
903,17,34,119,0.7,0,0,0,2026-02-27T20:26:51
904,17,43,8,0.601,0,0,0,2026-03-17T23:05:59
905,17,58,147,0.756,0,0,0,2026-04-08T23:54:09
906,17,5,59,0.328,1,0,0,2026-04-05T06:49:07
907,17,77,152,0.747,1,0,0,2026-03-04T06:51:12
908,17,11,176,0.734,0,0,0,2026-02-25T21:29:22
909,17,21,158,0.835,0,0,0,2026-03-19T18:59:13
910,17,5,96,0.899,1,0,0,2026-03-14T10:34:13
911,17,69,18,0.691,1,0,0,2026-03-08T18:13:31
912,17,77,11,0.161,0,0,0,2026-03-25T14:04:20
913,17,39,118,0.977,1,0,0,2026-02-20T08:40:58
914,17,11,73,0.531,0,0,0,2026-04-01T08:19:30
915,17,77,178,0.784,0,0,0,2026-03-30T01:16:40
916,17,7,11,0.323,1,0,0,2026-02-25T04:09:43
917,17,68,26,0.728,1,0,0,2026-04-03T05:04:58
918,17,89,14,0.225,0,0,0,2026-02-04T20:10:18
919,17,89,14,0.64,0,1,0,2026-03-15T19:47:28
920,17,69,60,0.644,0,0,0,2026-03-28T19:08:46
921,17,15,158,0.227,0,0,0,2026-03-03T08:55:44
922,17,21,69,0.609,0,0,0,2026-03-16T07:08:26
923,17,48,78,0.471,0,0,0,2026-03-21T08:33:20
924,17,69,172,0.198,0,0,0,2026-02-03T00:01:21
925,17,27,135,0.349,0,0,0,2026-03-04T14:50:35
926,17,4,159,0.204,0,0,0,2026-04-03T16:10:29
927,18,71,106,0.966,1,0,0,2026-02-11T13:46:43
928,18,10,87,0.521,0,0,0,2026-03-14T03:42:38
929,18,34,165,0.342,1,0,0,2026-02-13T20:12:47
930,18,24,32,0.515,0,0,0,2026-04-14T06:47:20
931,18,56,43,0.12,0,0,0,2026-03-11T15:29:44
932,18,95,124,0.299,1,0,0,2026-02-19T17:10:54
933,18,62,65,0.655,0,0,0,2026-04-04T18:40:38
934,18,99,174,0.833,1,0,0,2026-03-17T18:21:29
935,18,5,100,0.581,0,0,0,2026-03-03T08:47:18
936,18,94,25,0.468,0,0,1,2026-03-26T18:23:44
937,18,97,127,0.822,1,0,0,2026-02-21T03:02:13
938,18,34,113,0.357,0,0,0,2026-03-04T03:16:58
939,18,20,152,0.541,0,0,0,2026-02-01T07:56:26
940,18,5,109,0.382,1,0,0,2026-02-14T14:14:41
941,18,10,32,0.586,0,0,0,2026-03-13T16:48:31
942,18,96,98,0.876,1,0,1,2026-04-14T02:12:09
943,18,71,43,0.594,0,0,0,2026-02-02T16:46:25
944,18,8,25,0.506,0,0,1,2026-03-25T01:15:53
945,18,3,124,0.444,0,0,0,2026-02-17T09:28:55
946,18,94,107,0.254,0,0,0,2026-02-28T22:53:03
947,18,56,135,0.987,0,0,0,2026-02-17T16:45:25
948,18,11,140,0.822,0,0,0,2026-02-16T00:54:16
949,18,97,70,0.904,0,1,0,2026-02-22T23:40:15
950,18,80,127,0.784,1,0,0,2026-03-06T22:47:16
951,18,36,141,0.413,0,0,0,2026-04-27T02:29:08
952,18,13,146,0.673,0,0,0,2026-04-16T02:59:17
953,18,8,130,0.666,1,0,0,2026-03-18T17:31:32
954,18,40,57,0.631,0,0,0,2026-03-08T04:12:41
955,18,34,48,0.127,0,0,0,2026-03-01T05:49:03
956,18,46,82,0.48,1,1,0,2026-04-12T02:53:35
957,18,9,173,0.454,0,0,0,2026-02-21T12:34:42
958,18,99,112,0.2,0,0,0,2026-01-30T00:57:46
959,18,13,47,0.085,0,0,0,2026-02-05T19:55:32
960,18,22,146,0.526,1,1,0,2026-03-08T18:21:14
961,18,8,39,0.786,0,0,0,2026-04-06T04:45:21
962,18,22,91,0.313,0,0,0,2026-02-05T01:35:02
963,18,50,168,0.218,0,0,0,2026-02-03T17:19:55
964,18,11,158,0.393,0,0,0,2026-04-19T13:09:26
965,18,86,29,0.781,0,0,0,2026-03-09T14:23:52
966,18,50,156,0.189,0,0,0,2026-03-25T19:14:37
967,18,56,49,0.801,0,0,0,2026-02-22T04:41:26
968,18,7,63,0.493,0,0,0,2026-03-08T21:43:01
969,18,47,43,0.764,1,1,0,2026-03-24T04:04:11
970,18,56,171,0.73,0,0,0,2026-02-17T19:04:39
971,18,50,126,0.744,0,0,0,2026-03-05T11:17:04
972,18,13,153,0.302,0,0,1,2026-03-12T15:12:47
973,18,24,84,0.247,0,0,0,2026-03-02T02:54:26
974,18,7,125,0.435,1,0,0,2026-03-28T04:33:09
975,18,99,166,0.759,0,0,0,2026-03-26T20:23:50
976,18,22,136,0.686,0,0,0,2026-03-13T11:04:26
977,18,53,30,0.282,0,0,0,2026-03-02T05:32:52
978,18,18,33,0.173,0,0,0,2026-04-26T21:22:49
979,18,50,60,0.631,0,0,0,2026-04-22T17:00:57
980,18,8,33,0.85,1,0,0,2026-03-19T13:11:47
981,18,57,66,0.83,0,0,0,2026-04-05T20:42:44
982,18,97,127,0.296,0,0,0,2026-04-08T12:07:57
983,18,8,123,0.541,0,0,0,2026-02-23T23:07:33
984,18,57,35,0.945,1,1,0,2026-02-24T10:04:03
985,18,37,7,0.5,0,0,0,2026-03-18T02:42:07
986,19,21,119,0.148,0,0,0,2026-03-04T02:05:50
987,19,42,5,0.393,0,0,0,2026-03-30T23:31:20
988,19,43,97,0.088,0,0,0,2026-02-07T08:29:57
989,19,29,155,0.467,0,0,0,2026-03-19T07:39:53
990,19,21,177,0.623,1,0,0,2026-03-09T13:15:44
991,19,87,27,0.788,1,0,0,2026-03-16T13:17:56
992,19,2,19,0.076,0,0,0,2026-04-16T11:07:54
993,19,43,67,0.483,0,0,0,2026-03-23T19:04:25
994,19,15,97,0.377,1,0,0,2026-04-27T01:58:32
995,19,31,29,0.375,1,0,0,2026-03-20T14:06:29
996,19,91,159,0.759,1,0,0,2026-03-28T18:14:55
997,19,9,163,0.653,0,0,0,2026-03-27T15:49:04
998,19,25,88,0.737,0,0,0,2026-02-26T10:35:40
999,19,4,147,0.669,1,0,0,2026-02-01T22:12:15
1000,20,16,98,0.738,0,0,0,2026-03-18T16:58:13
1001,20,91,28,0.449,0,0,0,2026-04-16T14:41:36
1002,20,89,156,0.54,1,0,0,2026-03-24T12:23:03
1003,20,24,58,0.961,1,0,0,2026-03-28T04:38:55
1004,20,10,139,0.642,1,0,0,2026-03-09T15:40:36
1005,20,72,117,0.589,0,0,0,2026-04-03T15:43:48
1006,20,24,110,0.194,0,0,0,2026-02-16T12:52:27
1007,20,61,33,0.484,1,0,0,2026-04-03T14:29:13
1008,20,37,104,0.552,1,0,0,2026-02-17T17:26:48
1009,20,80,157,0.49,0,0,0,2026-03-14T13:19:04
1010,20,80,61,0.589,0,0,0,2026-01-27T16:51:48
1011,20,82,134,0.381,0,0,0,2026-03-21T02:08:23
1012,20,91,27,0.483,0,0,0,2026-03-23T23:44:47
1013,20,24,129,0.423,0,0,0,2026-04-17T05:59:16
1014,20,12,112,0.452,0,0,0,2026-04-19T14:22:42
1015,20,61,156,0.587,0,0,0,2026-04-23T21:55:55
1016,20,34,108,0.534,0,0,0,2026-04-05T22:58:36
1017,20,24,29,0.714,0,1,0,2026-04-01T07:54:56
1018,20,97,108,0.365,0,0,0,2026-02-05T19:05:31
1019,20,80,119,0.75,1,0,1,2026-04-19T20:19:25
1020,20,18,129,0.726,0,0,0,2026-03-17T08:10:43
1021,20,40,66,0.497,0,0,0,2026-04-06T04:34:55
1022,20,30,35,0.379,0,0,0,2026-03-09T02:02:47
1023,20,35,18,0.409,0,0,0,2026-03-03T19:23:11
1024,20,12,119,0.549,0,0,1,2026-02-14T14:48:35
1025,20,6,70,0.3,1,0,0,2026-03-12T00:23:42
1026,20,6,51,0.81,1,0,0,2026-04-23T12:32:13
1027,20,36,124,0.697,1,0,0,2026-04-02T00:26:33
1028,20,80,86,0.571,1,0,0,2026-02-23T16:20:40
1029,20,72,37,0.735,1,0,0,2026-03-15T03:14:45
1030,20,98,63,0.68,0,1,0,2026-03-29T13:11:39
1031,20,85,128,0.302,0,0,0,2026-02-20T10:58:50
1032,20,33,163,0.387,0,0,0,2026-02-23T08:14:59
